K_m_day,porosity,gradient,Q_m3_day,T_inj_C,b_layers,L_s_meters,Thermal_Radius_m
29.9140655,0.216086995,0.004370916,80.06608095,19.62643097,22,11,2210.02
25.49368317,0.267823833,0.001158159,20.08263438,21.63929023,24,3,496.68
31.15000676,0.175622725,0.002071818,64.18745934,19.82531854,13,5,1230.0
18.44731214,0.238943406,0.002192722,50.89713893,16.75494306,17,13,660.0
21.1622525,0.156904191,0.004678328,50.64433881,22.61367447,21,14,1790.11
31.02835072,0.220594171,0.002039902,84.07822277,16.92114281,28,22,710.0
12.36870482,0.208697539,0.003366697,82.8065499,24.7744015,19,5,845.24
36.59218156,0.200929423,0.00381379,32.3263866,23.69923724,13,5,2360.0
9.549120547,0.258451113,0.002288646,84.87413336,24.3687944,14,13,406.05
19.60379949,0.237524023,0.004150718,55.02665203,20.6334839,16,4,1410.0
48.38008492,0.28423903,0.001564523,44.35628413,18.75173805,19,12,1190.51
21.38696022,0.238469772,0.004563263,60.35371291,17.89822705,22,14,1150.0
10.20549297,0.271241236,0.002857316,57.86399283,23.81157238,26,4,489.12
10.89359876,0.197569471,0.003168061,22.43949809,22.66452506,6,6,735.15
11.30181651,0.280958228,0.002448229,38.52045766,16.64312343,26,13,446.61
32.17880011,0.254558259,0.002603921,49.18380143,19.90654975,12,1,1420.01
31.73314925,0.168916456,0.002903593,56.84505296,22.22336297,21,6,1640.12
32.16055855,0.181451418,0.004906886,35.95907705,20.87420318,27,25,2640.0
12.34122766,0.253484844,0.003515243,62.50694407,18.04005482,15,3,793.1
4.151329655,0.154529204,0.002040163,76.63563534,24.6259694,10,3,340.0
33.84758541,0.278027774,0.004397114,80.528256,16.99958528,12,5,2390.08
41.25884232,0.252696142,0.002094287,97.46215175,24.65427427,27,19,1470.01
38.89690689,0.180281811,0.001917049,45.23418112,18.38705342,23,18,1010.0
34.94619771,0.290266817,0.004808513,91.38628281,20.11620012,15,13,2570.7
47.7880256,0.242401777,0.003759691,50.10256035,22.90265954,12,9,3140.06
36.2633596,0.280441444,0.003127536,25.48912717,17.03674817,7,4,1350.0
29.05653152,0.164700183,0.00435194,90.07101178,20.7758654,21,19,2160.09
45.64067204,0.186463079,0.003484909,47.73491217,17.97295288,15,12,2740.0
22.46833263,0.216459708,0.004486426,93.45210292,24.84890607,13,4,1770.03
16.73036757,0.204769159,0.004093403,12.42609144,23.31823928,12,10,1170.01
38.32587213,0.212421731,0.003612819,22.00582924,24.14520549,17,14,2220.0
49.66542544,0.154404709,0.003679375,35.73462974,19.07176338,10,7,3160.0
23.701431,0.250583862,0.004579368,68.59151816,19.69923432,7,3,1830.03
34.78304696,0.219280516,0.003079561,84.95528909,21.68760898,22,9,1830.03
9.135116818,0.165054508,0.004834067,77.59562333,18.31924821,23,6,790.14
15.16665322,0.217409422,0.003264652,77.17936707,21.45200941,17,2,935.21
2.863749859,0.218517837,0.0016446,94.53340281,19.66448285,22,6,204.83
40.65892039,0.21061413,0.002661673,89.10728972,24.07739263,29,7,1860.03
16.22652373,0.177124771,0.001994801,73.88480002,18.65651547,28,9,670.17
8.644114796,0.256732816,0.003957705,32.09492204,16.51726832,9,4,632.4
29.5232896,0.282209597,0.004659376,37.05404033,23.4583138,8,4,2190.37
15.38385896,0.255768648,0.002464434,76.89190423,19.85612608,29,14,694.62
24.87976352,0.241051353,0.003869149,45.53909209,17.08934904,7,1,1600.03
10.05614862,0.199680918,0.002669801,92.10041964,20.53262331,8,6,638.85
46.00410711,0.277310726,0.002224943,19.96507585,21.98460175,11,8,1680.03
32.45895275,0.241341968,0.002970888,67.8052053,17.6212072,24,24,1190.0
47.65623084,0.231230936,0.004287701,33.12012656,21.0693234,11,9,3380.06
41.45087227,0.242171053,0.00316056,43.21037227,19.80442603,21,19,2050.0
9.870804024,0.284423495,0.004380052,15.1357023,17.5486804,14,11,711.76
49.59824805,0.218818125,0.004823469,76.01656718,20.35490727,29,8,3800.0
24.50143181,0.210261024,0.002492194,45.05915632,23.99794335,20,6,1055.05
28.63667771,0.236224608,0.002814985,78.5984856,24.22815315,9,9,1490.13
3.613905435,0.159186161,0.003290514,44.68656223,23.97492056,10,7,345.35
36.54401625,0.195126234,0.003030586,99.66580943,16.90434665,14,12,1770.03
3.433903168,0.263960236,0.001752367,30.82872436,17.72160632,15,11,176.78
13.7891372,0.276589837,0.001546536,76.24891067,18.72107529,28,9,427.16
20.56525646,0.213008791,0.004496855,27.67989097,16.2664965,24,15,450.0
37.1269471,0.176856479,0.003662821,13.01078265,17.27245,7,4,1000.0
7.796969581,0.234705052,0.004525836,71.49309197,23.82917808,15,13,705.76
36.11768563,0.187489151,0.002319957,40.23070157,18.14909335,16,9,1120.0
15.48031939,0.288129236,0.004475278,76.98710164,16.08991465,12,6,1080.29
11.8088833,0.181779853,0.00444769,93.04232851,19.41389771,11,8,960.05
47.19179884,0.243536974,0.003040166,16.64234563,18.52307402,28,18,990.0
23.03589804,0.230095819,0.003286163,33.376272,19.19180214,10,5,1280.01
44.19154986,0.205920666,0.003308465,59.27599435,21.69010943,10,10,2530.02
30.841296,0.252456233,0.003807788,91.19034833,19.97225487,28,5,1750.0
26.13515188,0.210505221,0.001193824,58.84090097,17.66727416,8,2,685.29
39.69630426,0.281640028,0.003015941,43.33835361,17.64403268,30,10,670.0
5.834145515,0.287186772,0.004744123,64.95795792,23.79327673,24,14,446.79
31.3475879,0.192620885,0.003447611,71.29706147,18.63319196,18,9,1800.0
4.959745501,0.215956148,0.003697403,13.54413976,21.32541031,17,14,385.17
47.33756545,0.273297748,0.001037311,56.11644805,23.22089487,23,10,825.74
42.61054392,0.166753743,0.003035771,55.88445526,16.3261875,8,2,1520.0
8.87962005,0.171530616,0.004737009,31.91434039,18.16700614,20,6,780.02
42.97093203,0.244287573,0.004762091,60.88291243,22.12197965,14,2,3420.06
26.68675413,0.258159013,0.002836191,72.47160245,18.44692924,27,6,895.0
12.18971258,0.292052149,0.004001817,34.97119518,19.71710332,16,2,775.24
29.32409385,0.214050408,0.003748051,71.74524075,22.04114682,11,6,1990.03
19.64683435,0.20806167,0.00411472,58.13205484,19.39348989,28,7,1360.0
42.43492644,0.291598832,0.004772438,29.19981534,24.45701213,27,9,1890.0
24.32373469,0.191010372,0.00157156,93.63986311,21.84510319,8,5,820.55
40.14881941,0.294535702,0.004854883,52.08607463,18.27980546,15,3,1930.0
35.6123734,0.276079094,0.004310224,24.13878125,21.51766962,20,9,1670.0
6.581495602,0.157394336,0.003914309,12.8766812,19.05209479,13,4,475.11
18.73757237,0.24644783,0.001376504,66.47368048,18.00715276,24,16,474.13
29.51308954,0.274397279,0.001185644,40.84791243,22.82648491,12,8,614.04
43.07210839,0.188392488,0.001805901,68.95653045,18.69944209,12,9,1340.04
21.62818143,0.25757879,0.001428207,90.79854085,20.4255863,21,5,582.79
49.41820637,0.185643629,0.003455142,50.77042341,20.92264811,16,10,2920.0
37.4104614,0.288489629,0.001126246,15.72249172,16.61647317,30,7,741.23
28.38519426,0.182999702,0.001863719,17.38164415,17.51591889,10,10,665.02
47.11659548,0.229031888,0.004733259,77.44806046,22.20565634,30,28,3700.0
30.69417361,0.152552261,0.00440751,62.09274557,23.41385757,18,8,2480.08
45.2365565,0.271066594,0.004332457,46.88707651,19.24355046,10,5,3320.24
3.926455874,0.208224353,0.004207926,91.14610204,18.2314369,8,3,412.31
6.989200893,0.239935223,0.00169975,86.17973141,18.0295774,13,11,336.59
48.02263092,0.260496572,0.003177232,78.39275433,20.65390661,20,7,2420.0
35.04305402,0.265842562,0.002751964,99.54736672,17.82380883,18,13,1630.03
32.81859187,0.189007161,0.004044803,90.15662301,16.5395819,15,8,2040.0
33.73243558,0.260995259,0.001395539,90.86481842,21.13311805,22,17,829.89
37.63826239,0.266712096,0.004027242,27.88450113,19.83922133,6,1,2460.0
4.867921718,0.237868506,0.001028812,56.63487922,16.81664502,6,6,309.39
2.100521075,0.167598943,0.002987149,10.60147346,18.39706728,28,26,185.83
34.41138319,0.244184158,0.001663996,32.601463,22.50205677,25,20,980.01
30.61682854,0.205250364,0.00248143,97.94500012,20.04421218,12,10,1410.14
36.96013721,0.237949588,0.004062754,19.62371833,23.48951659,24,3,1900.0
11.76119173,0.275947361,0.004153504,13.37235189,22.67956087,30,13,816.24
48.62656108,0.266151848,0.003409148,21.45299292,16.89723497,15,10,570.0
14.83803853,0.179823113,0.003873809,18.02931219,17.58340838,14,7,765.0
17.76384556,0.280518881,0.002099741,80.62438287,23.0116732,8,1,642.75
46.80123696,0.29783954,0.002272896,33.97388457,21.75370785,20,16,1640.49
12.79159317,0.176182269,0.002563464,18.323484,24.20829849,26,9,660.3
21.93106116,0.206922788,0.003651979,39.49267569,22.38366526,21,7,1390.04
16.56104458,0.159629973,0.003981259,31.05298371,17.8090972,16,11,990.0
24.63347713,0.18590094,0.003018512,84.18584627,22.2806006,26,15,1320.04
19.09340841,0.171916757,0.004099959,49.73772877,17.2040965,19,14,960.0
14.62313215,0.258646021,0.002387363,39.04718211,17.34364079,9,2,640.02
16.46193259,0.225962099,0.002921217,72.28093164,23.59828758,26,9,910.22
28.74731738,0.156683004,0.001347842,31.35371817,22.33509316,29,22,750.02
35.76590419,0.209181055,0.002801963,16.82239816,19.15957183,27,8,800.0
42.10296409,0.153149705,0.002284223,15.43278964,19.73057834,13,9,1350.0
11.03525617,0.240314055,0.002532047,70.42595106,21.35540981,20,3,522.16
17.02751811,0.204225648,0.001454107,14.90571743,22.42930176,19,9,520.38
40.35631058,0.173157309,0.002232205,74.06546765,17.73426995,7,4,1660.12
10.61214886,0.19550354,0.001083135,14.23629746,23.51679188,23,7,280.93
26.64467277,0.283111812,0.004139654,10.99012955,18.09441267,19,18,540.0
18.16219717,0.182314785,0.002433698,95.97109903,16.09036039,8,3,825.38
17.98109118,0.227139272,0.003792746,50.25925185,23.89100274,9,5,1225.09
35.10860843,0.215204762,0.001871073,37.56068326,18.24119323,18,15,875.01
1.990090727,0.1730913,0.004390073,25.09425606,17.67801818,28,16,238.21
34.20605114,0.174968119,0.001017156,54.41423257,22.80546171,23,7,730.02
15.9484326,0.239406625,0.002364707,47.47713721,19.29247325,7,7,735.53
49.34845208,0.278465149,0.002115083,29.89080374,18.86888775,7,5,1710.26
1.32337402,0.16130629,0.002609342,98.95514242,20.38502539,7,6,313.21
13.43000574,0.282731005,0.001829055,51.82729133,21.1135803,25,24,396.57
46.29899852,0.19587092,0.001536798,69.08937383,18.84276482,11,5,1310.15
44.58419491,0.177474428,0.004517067,84.60614022,16.3876799,28,24,2240.0
15.00266099,0.219482981,0.001528011,80.34533365,22.65722866,23,12,473.51
17.30055078,0.154161191,0.001149799,43.09504219,20.98089663,25,24,475.24
31.66080018,0.206441915,0.004669437,81.03506344,24.54900513,11,1,2560.08
18.0790468,0.233148785,0.002743354,92.46122601,24.37364469,22,17,955.01
5.561797443,0.24852962,0.003476305,27.52142439,16.42202082,27,4,428.3
29.21776097,0.161751898,0.003458884,12.20768552,17.48118909,28,27,350.0
42.7269707,0.228777441,0.001105173,42.89789089,23.21695055,24,19,895.22
30.41561178,0.283381034,0.001780847,62.33572342,17.37715101,8,5,875.17
40.9415687,0.281389247,0.004504322,84.50145952,16.19726058,14,6,1560.0
14.42030537,0.166990017,0.004587684,89.67907783,17.17279938,6,6,1270.35
6.362097432,0.209653916,0.004463076,26.37619336,17.36700288,12,6,585.09
2.542661397,0.218201123,0.003847051,51.23133074,16.27189489,21,2,230.34
14.5149099,0.232981656,0.004946098,28.49365865,24.69845808,8,2,1250.04
23.62876547,0.223442782,0.00405089,39.58687421,20.31242101,14,5,1500.0
38.21261024,0.271843357,0.001100881,10.26446981,18.46642251,20,2,695.07
21.27761535,0.265406633,0.0012719,59.42187359,16.95926174,17,8,463.31
33.17283189,0.183209471,0.001576776,82.53187935,16.23515427,8,7,770.02
16.67695518,0.274982449,0.004254399,85.29759371,18.98473621,9,3,1159.32
20.64572803,0.200497946,0.00291635,57.49210267,19.14560586,16,6,975.05
20.89480284,0.248240576,0.00133072,28.30555355,20.19494436,23,21,501.37
9.294664619,0.225665172,0.00369435,38.76640082,16.36905353,18,6,650.08
3.11649226,0.261431454,0.004170242,37.44839185,22.75167245,25,14,262.09
9.727493182,0.257871961,0.001664791,73.34230301,20.91322676,8,5,399.06
7.400621674,0.196185788,0.001485707,52.27483823,21.77006061,10,10,354.11
48.94834867,0.266465112,0.004019441,67.22116928,17.98172848,29,25,3300.06
17.59172096,0.28654231,0.004079022,74.4532872,23.25353169,19,8,1123.22
20.30623716,0.286889736,0.004315238,79.22937356,16.54152462,8,7,1356.56
37.70509032,0.228561291,0.003094781,12.58618909,20.88892731,10,6,1870.03
49.30142726,0.249965748,0.003776492,49.28889251,19.98805799,25,16,3200.06
7.618381,0.296985758,0.003055332,68.42975029,20.00936163,24,20,434.37
32.71619291,0.28917985,0.003910384,90.45681962,17.23384096,26,17,1010.0
25.757106,0.295685929,0.004268549,83.83329193,22.58222494,7,4,1702.94
24.59720955,0.29865906,0.002170132,35.04189417,24.59717705,23,8,824.92
36.3379504,0.214370544,0.001922935,78.95318151,16.19920997,28,21,870.0
1.183560345,0.233461263,0.001691635,30.60217079,22.15781941,24,5,125.94
46.59823205,0.236830943,0.003708035,46.17006221,23.42773103,28,15,3020.07
46.12588126,0.228205626,0.002929808,54.8623438,21.9248031,21,3,2230.02
33.50118865,0.202395342,0.003538266,40.51602833,17.05549662,17,16,1020.0
16.96408305,0.297518053,0.004467781,91.7428623,17.40977707,25,17,1141.85
26.44198933,0.216956311,0.002578324,88.03568704,17.94593528,23,9,1115.01
45.39940909,0.17956642,0.001594597,96.06859839,17.584162,29,4,1150.04
32.85124336,0.225554821,0.004887293,15.81864487,18.80188475,29,16,630.0
9.341018033,0.193081611,0.004893447,54.1704266,21.94754219,27,23,865.01
35.88661578,0.287721699,0.004917883,60.57287916,21.29005151,13,2,2720.46
27.20387538,0.256233066,0.002304731,98.23753873,22.45370323,29,27,1100.56
2.30496799,0.295023556,0.001797079,13.65448919,18.7073027,21,2,108.41
48.65690724,0.261279021,0.003988151,26.77920198,18.48853618,10,9,3260.0
43.97481385,0.2898122,0.00213878,91.63080882,17.07800754,10,3,1435.56
41.76931066,0.261833255,0.002825481,58.02964392,21.30489518,19,10,1850.03
43.89966716,0.160363036,0.002220847,45.31414554,21.37519892,21,18,1620.03
45.96370417,0.249618688,0.001325586,40.73406643,18.88519907,29,13,940.01
26.88299936,0.248810954,0.004291832,34.58285327,19.10564077,26,14,890.0
40.09981766,0.160019588,0.001817889,67.54873463,20.323824,7,1,1310.0
18.30843241,0.264368248,0.002673578,66.68005226,20.54304412,14,4,850.32
24.80116971,0.284984484,0.002840437,21.65215431,24.57692685,14,8,1111.36
47.56103256,0.173985337,0.002625967,51.51614944,18.67032526,28,13,1380.0
38.54892869,0.294828739,0.003238795,94.23844889,17.47514949,19,5,1880.03
44.90550435,0.227891539,0.001737495,51.16268816,20.12561416,13,10,1370.08
41.90328221,0.238763409,0.003249181,29.66423113,21.96124344,11,2,2220.0
5.302859451,0.270403131,0.004263727,22.10136635,20.44961399,18,13,387.92
8.613212821,0.205157613,0.004453865,52.68525755,24.30515649,7,4,820.24
25.19612048,0.201702346,0.001494928,48.24798887,21.81302112,15,2,770.41
22.59455374,0.221659485,0.001308472,83.27931291,20.6793465,20,5,632.85
31.2312479,0.158899086,0.004014744,99.99787436,21.79153695,20,6,2220.09
46.68154219,0.206207324,0.002994477,27.10306231,23.87658682,24,13,1770.0
11.89525659,0.247122983,0.003680242,25.33875004,19.67258333,15,11,815.55
6.83185677,0.199232091,0.002406849,29.28176762,17.61827029,16,14,398.72
3.230009943,0.158051624,0.00406448,93.18016201,18.12800754,16,8,466.42
30.55395544,0.244970677,0.003935713,67.68377186,22.98411623,15,5,2050.0
12.65474109,0.156165948,0.001044728,59.66439193,22.31399738,19,9,356.14
33.595267,0.204375877,0.002501028,57.12600944,23.57448108,6,4,1540.13
34.30591557,0.263492071,0.002982616,33.84868731,19.51014806,26,9,1390.0
42.25677795,0.276961191,0.002427838,46.28656694,19.2203067,22,11,1660.0
35.5411351,0.260255587,0.003971427,11.25116667,19.64672302,21,20,690.0
36.72323434,0.151951706,0.003108741,95.21772988,24.88206107,23,21,2020.0
13.14922735,0.253032398,0.00494174,92.87258926,18.99817712,21,5,1115.04
4.612748307,0.273564916,0.002399173,25.90519779,16.5696746,6,6,267.59
17.69091292,0.235698157,0.003824361,23.81615259,24.26021936,18,12,1070.05
16.31213047,0.150214463,0.00233332,58.44777411,16.98063871,25,20,780.02
4.292671979,0.182541288,0.002879992,61.99086352,17.92431581,18,18,318.9
49.13356204,0.243221895,0.00463742,74.21635309,23.83936246,11,6,3880.05
6.608769219,0.298832061,0.001882779,19.15760613,19.55868297,23,10,223.65
23.14442984,0.160933143,0.00319827,35.22513774,21.10032884,22,10,1200.0
29.28561724,0.272278544,0.00131392,92.30097646,17.86827736,19,4,671.75
13.58312112,0.222692806,0.00333523,52.98605919,20.2826205,9,4,890.13
37.91988659,0.268158069,0.004492177,17.30495991,18.06581374,19,12,880.0
32.03912394,0.187556439,0.003001921,22.29480063,22.11749791,8,7,1710.03
3.726013744,0.285605992,0.004980332,23.89886543,19.75054465,23,13,362.79
19.87693635,0.189944483,0.001750066,98.80864109,22.48131993,12,3,760.26
17.92675383,0.23918909,0.00454693,85.96327493,22.41483356,9,2,1505.03
1.227558758,0.181943073,0.001006492,41.89685819,22.58870873,7,3,210.77
22.09395712,0.212022773,0.003577386,11.45304913,23.6572469,15,12,1360.15
39.82234223,0.290653952,0.002539339,55.48864384,24.7346949,12,8,1536.17
38.93257572,0.267305754,0.003863443,41.11516045,24.46376672,12,8,2500.02
29.90777422,0.190472986,0.002818221,36.1968621,24.87109711,13,2,1470.03
7.480961583,0.158219068,0.001140699,24.33264687,16.87433412,9,9,240.21
2.215260486,0.234037631,0.002702429,97.60414174,24.19400671,13,13,247.43
27.02402451,0.163982125,0.003112999,59.68439278,20.71828854,13,12,1570.13
19.72546924,0.290868603,0.004714888,45.81958442,19.45611937,15,15,1415.22
15.24068874,0.22303825,0.00164852,78.87062544,21.88895447,27,15,504.69
26.51967144,0.247202627,0.001709939,76.20589157,22.53176933,29,10,842.14
31.40432549,0.167905846,0.001509818,69.91643974,23.33610121,22,19,870.01
42.28567136,0.291057771,0.00354401,77.80665483,24.27265704,18,4,2301.06
15.52367402,0.197252354,0.001235203,98.57237748,16.5018448,9,3,475.11
41.49901245,0.191153848,0.004354005,42.16818612,16.59187881,17,6,1640.0
30.25895134,0.232719446,0.003318894,95.73424596,24.74846603,25,19,1710.0
8.964517775,0.189660375,0.001090683,19.38765826,21.07612422,16,9,256.16
44.06017246,0.286438383,0.004856893,65.09266001,19.02220304,19,2,3420.94
38.69338581,0.217942874,0.004559187,18.48997746,22.15506469,20,15,1900.0
5.34371341,0.16237616,0.003142331,33.49029258,21.24541117,9,3,426.3
8.27176162,0.229212692,0.002720998,38.41235598,20.3960196,10,6,450.78
43.22294702,0.296681001,0.002326439,81.89765745,23.25557592,25,10,1496.88
18.81886888,0.194034126,0.003900289,18.83033769,21.81878537,14,5,1320.04
39.77408575,0.158559704,0.001366642,51.61661709,22.34930733,27,23,955.05
13.98025702,0.285533453,0.004423806,81.29055396,21.56005045,26,18,983.26
49.78887963,0.255395085,0.001890042,63.64584825,16.12013514,30,6,1150.0
44.49077101,0.27969333,0.001496722,34.24689654,21.15576099,6,2,1072.29
22.77138029,0.265782955,0.004993785,42.51222303,22.96053992,20,14,1730.0
26.06434554,0.175403252,0.004166756,86.70262341,20.15290156,25,17,1910.0
12.13263716,0.231519574,0.00493115,17.57101504,16.13779646,19,8,400.0
16.80292385,0.274174656,0.003961805,30.23380266,16.48400649,23,17,795.0
45.31342307,0.298005545,0.004321746,68.06292942,17.12251714,14,11,2030.0
46.21170476,0.249213275,0.002730122,67.31804428,19.95008364,14,6,2150.02
39.47280259,0.162912237,0.001937984,82.62264581,16.76887826,11,3,1270.04
31.87186153,0.191687296,0.00190044,13.8615422,20.60535862,20,17,820.0
7.124435293,0.194179028,0.002772322,97.26121087,19.17258633,19,17,459.19
27.57275793,0.29428283,0.001465592,11.63299682,21.53010205,20,14,709.26
30.95976075,0.285079532,0.004542381,13.11493634,16.43450706,14,10,530.0
37.81992827,0.234922557,0.003495801,94.32006435,19.53458845,10,9,2250.02
14.54038197,0.257309039,0.001476482,52.4825882,17.74626916,29,13,437.2
45.75735347,0.224708379,0.001970335,28.79010604,20.24246269,15,4,1440.03
43.68438843,0.180581065,0.00294425,21.10408225,19.12859146,22,13,1580.0
37.3255374,0.209863746,0.002790477,70.08525864,17.93424871,20,6,1700.03
42.52627887,0.213618956,0.003598072,58.75790357,16.68703997,21,16,2680.0
29.65776316,0.272645005,0.002164247,46.42285379,23.07169272,16,4,1061.7
8.227202595,0.223867263,0.004617825,74.73190276,21.20496774,10,3,782.7
20.01905888,0.259652456,0.003923771,89.81164055,24.10472473,18,15,1340.23
21.74859564,0.170690387,0.002779085,62.85273076,18.45427597,11,7,1075.0
33.93028692,0.222204502,0.00470831,48.44354015,21.02107446,8,4,2600.0
6.113686259,0.250303828,0.00160232,87.09109643,17.2982482,30,14,225.36
1.788585859,0.188950927,0.001723565,12.12261089,20.49544268,9,5,155.24
39.11806517,0.259139465,0.003887001,26.10918442,16.00458661,20,4,750.0
1.759964621,0.281786926,0.003497189,78.42257647,21.5918922,16,14,213.02
25.66874489,0.170039374,0.003734514,45.90603779,19.3755685,21,18,1600.03
13.24743225,0.165827198,0.001301066,53.13675706,21.87655598,15,11,430.23
27.41502625,0.289629378,0.001166882,32.83938459,24.42996875,17,16,501.28
10.47277568,0.168388867,0.003574365,21.32315507,21.65401548,16,13,735.27
43.28082934,0.180624252,0.003725601,56.05932976,24.93598807,28,26,2820.0
23.92665897,0.251815107,0.001119661,64.02085377,16.83322759,11,4,483.71
46.88878313,0.254360774,0.004721544,86.87135669,20.02108242,14,11,3720.0
38.52243542,0.293111431,0.002568731,22.83405272,21.17921434,9,2,1491.01
45.85564663,0.254922657,0.002547312,90.56620317,18.78606058,26,14,1440.0
1.093739444,0.23724555,0.003526106,27.05511024,16.45771781,23,20,138.62
17.09703118,0.243764139,0.001832584,81.20900333,20.18382161,29,29,614.0
38.78062007,0.282439992,0.004829409,14.66105363,22.79203648,22,7,1210.0
27.88344375,0.196783784,0.001944353,47.08346366,24.78869666,18,12,950.12
20.73457115,0.186675819,0.004128842,16.25093443,19.94000696,20,20,800.0
45.49492025,0.274528229,0.001056234,14.40094177,23.75659319,22,14,555.02
35.96793762,0.256009338,0.001516962,43.67362953,22.25023496,25,25,965.32
39.19129228,0.255033209,0.001249903,63.51432576,22.85298509,29,24,877.41
13.3332873,0.178550789,0.002911586,65.71402322,18.32404597,13,12,770.15
25.08303662,0.215059489,0.00167245,74.9076314,20.56795559,6,1,875.36
18.91421701,0.186959825,0.001811058,75.72445537,19.78092082,21,14,710.44
28.27951432,0.17488475,0.003736149,57.25557909,17.3158584,28,15,1450.0
22.37084966,0.201449276,0.002592231,44.51340959,19.50091819,25,17,900.0
19.92068413,0.159371548,0.003272618,25.67499755,20.75831093,9,5,1170.0
37.16471007,0.188429132,0.001280625,73.48021065,22.92695558,28,17,940.05
9.073236909,0.177663964,0.002767542,44.04694894,20.16050618,17,11,570.09
14.27670446,0.171627841,0.002120976,22.9937486,24.50471382,16,2,650.0
26.86878462,0.263016194,0.001790456,79.59184823,17.45106698,27,24,841.49
9.657581272,0.246683935,0.001626868,11.29775623,21.40675431,21,21,329.61
24.15258093,0.183799935,0.003421355,95.65709933,21.39660318,22,7,1440.14
48.32475997,0.212739809,0.001906337,87.79059655,17.09843384,17,4,1240.0
41.11275603,0.216704194,0.003320064,64.54010406,19.33870373,9,2,2340.02
5.788813884,0.21163918,0.001843886,37.74563701,17.88166961,29,11,251.75
11.17262864,0.178112601,0.003851765,29.4610914,22.62831017,12,2,840.24
6.416359072,0.150544858,0.002262674,49.05190644,21.22228168,29,14,370.09
38.06605903,0.283651023,0.004227708,44.74622513,23.75865556,17,7,2520.18
18.59833994,0.262536176,0.003645837,15.95912624,24.83033252,24,7,1030.01
17.24476792,0.298251075,0.003395634,20.6631241,24.81149399,11,4,899.03
25.92157741,0.279537894,0.003941583,54.74905736,18.18850103,18,15,1660.03
49.97348758,0.241990742,0.003437484,70.9916299,23.0893399,17,4,2880.0
48.88178655,0.234549619,0.001682073,10.3987524,24.09754006,22,9,520.0
37.4769657,0.251061566,0.004340397,60.15325636,23.38131823,13,12,2750.07
34.66754581,0.249435956,0.004080647,46.56253183,21.18551095,25,11,2130.0
32.40828963,0.275272699,0.004367919,47.81522855,16.06381135,9,8,1690.0
29.75381916,0.200165213,0.001617639,88.84971513,19.4334391,10,8,930.05
27.66757309,0.18519995,0.002348226,71.68211486,16.80845405,23,16,880.0
25.8837567,0.2090269,0.003401251,79.36523403,18.29231532,15,8,1450.0
13.44837787,0.264234389,0.003219874,91.91148815,17.13441053,22,20,730.15
1.488251995,0.184467257,0.002145365,28.93657292,21.91781247,17,9,170.42
42.88814168,0.163753715,0.004800471,47.0498743,23.67472049,25,3,3560.0
33.08418008,0.19236274,0.004985425,32.98428217,23.96411882,18,7,2880.07
11.21682029,0.247945028,0.002523168,60.68870825,20.30125745,20,5,513.36
3.968100697,0.245767884,0.002881076,75.56690234,18.25358431,27,15,248.65
30.08141642,0.211090486,0.0016388,25.14302123,22.72116185,10,9,905.12
17.47018316,0.265036184,0.004899067,19.84745901,18.51884849,15,13,890.0
42.7815294,0.166374418,0.002009805,20.49917835,22.07799452,24,14,1070.0
27.15548587,0.289428989,0.002299779,44.00787263,23.43523369,12,12,978.7
44.86359866,0.226272107,0.003894155,56.27695747,19.23099623,16,5,3080.06
15.65048286,0.256925207,0.004644839,23.53835955,19.34956323,21,7,735.0
23.3737606,0.187966153,0.003620952,81.76572782,16.67265491,30,23,820.0
41.31841177,0.296184581,0.002588459,49.57186756,18.37412527,18,15,1660.27
5.434501613,0.220096052,0.003087009,79.83262955,24.33800782,12,10,423.63
45.13500523,0.221708402,0.004598022,83.03505933,23.30548902,10,7,3620.06
43.41649679,0.213328829,0.001459604,53.35299288,16.95034977,17,4,675.02
9.935333523,0.1991496,0.002478825,55.56505582,22.73518376,26,12,560.2
18.96060878,0.202787047,0.003135961,36.68869088,17.15292027,27,14,575.0
39.52586105,0.163398999,0.002634567,72.14382155,18.82009419,8,7,1810.0
31.48818004,0.189569881,0.003149884,85.80763386,21.05476914,19,15,1730.03
3.276846194,0.17345808,0.002357532,94.9727364,20.06630185,23,5,308.35
6.750829714,0.202096136,0.001763319,81.53264216,19.4863354,29,5,293.56
47.35891456,0.151575446,0.00440899,38.0554353,19.5762371,12,9,3260.0
44.70954984,0.262094385,0.001242894,28.63469211,22.01224068,24,11,961.57
47.90443466,0.224181094,0.001291576,88.6714948,24.28395457,9,6,1145.1
33.00317505,0.244698085,0.004654001,14.04504192,22.29324499,28,13,1110.0
24.94961576,0.197948613,0.00141148,34.37696251,16.15361227,16,12,660.08
36.02976373,0.251490023,0.002866817,57.63015036,16.02600982,17,15,630.0
30.13768807,0.169780176,0.003631991,61.80179012,22.04989879,26,13,1920.03
34.84602027,0.183552152,0.004434613,54.05129007,23.64508895,26,13,2560.0
5.038908328,0.169400785,0.00196097,41.79284909,18.9058286,7,1,383.25
33.28587139,0.164277149,0.002243579,49.88217962,17.53311913,8,3,1270.04
6.199339051,0.155582255,0.004192609,36.35578405,19.88791686,18,4,575.09
43.80872345,0.161647396,0.003785415,71.12826881,21.25617301,22,12,2920.07
4.500176973,0.202848931,0.001879149,47.26016115,18.58001767,22,3,227.2
40.58268062,0.153382285,0.002023324,34.67153083,18.57152666,10,4,1390.04
7.337681033,0.196820417,0.001074545,93.70457373,24.95649557,7,3,339.41
46.42654485,0.254013171,0.001169632,19.19663112,18.10955103,13,11,955.21
28.13422916,0.198278609,0.004960081,42.74666962,22.71161424,18,13,2380.0
48.7729741,0.176568327,0.001071827,98.05126745,19.07986911,18,13,895.06
8.098741484,0.259283688,0.003567529,22.67238591,23.70731378,26,23,500.92
41.0241591,0.278956069,0.002154017,35.49613565,23.10976612,22,14,1380.01
14.06698158,0.176066447,0.00138534,96.54825585,23.73237708,11,10,535.37
41.69188845,0.164456844,0.003946306,48.86149641,24.3254496,12,8,3000.0
7.25284888,0.295212186,0.001217913,18.70462978,24.41183166,20,16,180.42
1.529761276,0.225036556,0.003717004,85.76180089,21.56540267,7,7,312.13
48.12174513,0.203754103,0.004847743,80.84920566,20.8443268,19,12,3960.0
20.89240942,0.271664248,0.003377259,72.94169777,20.95936363,27,24,1160.1
36.7718349,0.215514702,0.002795118,89.20239432,23.3784081,18,12,1790.03
12.97635746,0.155774078,0.00334486,69.43496091,22.97954919,13,2,840.13
25.34105752,0.230816899,0.002619012,59.11568564,23.15151627,24,22,1120.0
1.970407439,0.270217223,0.002212687,16.47235757,19.89793211,28,19,114.86
35.43103485,0.26249407,0.002685388,66.12439423,22.39399327,29,13,1620.03
22.68104925,0.153636987,0.002176787,17.74277765,24.6763174,13,5,900.06
2.842152804,0.151337376,0.004122389,63.28847396,18.76101891,7,6,360.87
19.41451822,0.20333018,0.002689307,88.27375019,22.18791942,14,11,1020.01
12.53211641,0.235827281,0.004235764,28.04638277,23.58536659,24,13,945.05
39.41290503,0.224656753,0.001443086,58.37814059,24.12401106,23,3,1070.05
15.75487131,0.221234069,0.002642767,38.08543328,21.70627759,21,9,810.02
27.55764561,0.203681229,0.001439124,63.26283638,23.13966936,27,21,790.25
15.99448908,0.205776377,0.002076923,64.50747288,23.12166183,16,12,675.3
20.17392798,0.226901241,0.002890625,63.82709435,19.59332358,29,17,1020.11
4.814965845,0.152856875,0.00324529,56.57894571,16.35660198,13,3,376.26
8.381107003,0.179055188,0.002336308,39.30788048,19.27240824,27,9,426.23
1.626217598,0.181161259,0.004273469,71.97092975,22.55635061,8,4,318.28
27.80430748,0.252152788,0.004696497,31.13708895,23.85747719,28,11,1830.0
47.49485853,0.28889204,0.003154052,16.86661384,22.23706449,11,3,2270.0
43.47065078,0.199991803,0.001587898,99.14739298,23.18404475,25,10,1200.09
41.58544907,0.17429963,0.004603935,21.79188964,20.71000431,23,22,1820.0
8.523668957,0.272772198,0.001771568,94.05619192,23.48230549,26,7,294.35
40.82842287,0.241600697,0.002052503,35.78389825,24.89204199,7,2,1515.01
21.77841038,0.276761706,0.00171486,17.03464037,23.05152386,25,12,682.09
22.1888162,0.217744446,0.001339503,94.94165905,16.6542474,11,11,642.36
